TRUNCATE TABLE ALDER.NAC_DeptView;
INSERT INTO ALDER.NAC_DeptView (DEPT_CODE, DEPT_NAME, DEPT_PCODE) VALUES ('000942', '테스트1부서', 'TOP');
INSERT INTO ALDER.NAC_DeptView (DEPT_CODE, DEPT_NAME, DEPT_PCODE) VALUES ('491000', '테스트1-1파트', '000942');
INSERT INTO ALDER.NAC_DeptView (DEPT_CODE, DEPT_NAME, DEPT_PCODE) VALUES ('383000', '테스트1-2파트', '000942');
INSERT INTO ALDER.NAC_DeptView (DEPT_CODE, DEPT_NAME, DEPT_PCODE) VALUES ('487000', '테스트2부서', 'TOP');
INSERT INTO ALDER.NAC_DeptView (DEPT_CODE, DEPT_NAME, DEPT_PCODE) VALUES ('TOP', 'KDB생명', null);


TRUNCATE TABLE ALDER.NAC_PosView;
INSERT INTO ALDER.NAC_PosView (position_code, position_name) VALUES ('A114', 'BS본부장');
INSERT INTO ALDER.NAC_PosView (position_code, position_name) VALUES ('A120', '부단장');
INSERT INTO ALDER.NAC_PosView (position_code, position_name) VALUES ('A121', '부본부장');
INSERT INTO ALDER.NAC_PosView (position_code, position_name) VALUES ('A122', '선임계리사');
INSERT INTO ALDER.NAC_PosView (position_code, position_name) VALUES ('A123', 'NB사업단장');
INSERT INTO ALDER.NAC_PosView (position_code, position_name) VALUES ('A130', 'FC단장');
INSERT INTO ALDER.NAC_PosView (position_code, position_name) VALUES ('A131', 'AM단장');
INSERT INTO ALDER.NAC_PosView (position_code, position_name) VALUES ('A132', '방카관리단장');
INSERT INTO ALDER.NAC_PosView (position_code, position_name) VALUES ('A134', '계약서비스센터장');
INSERT INTO ALDER.NAC_PosView (position_code, position_name) VALUES ('A200', 'AM 영업부문담당');


TRUNCATE TABLE ALDER.NAC_UserView;
INSERT INTO ALDER.NAC_UserView (USER_ID, USER_NAME, USER_POSITION, USER_DEPT, USER_EMAIL, USER_CUSTOM03, IP, MAC) VALUES ('185915890', '테스터1', 'F080', '000942', 'tester1@test.com', '1', '192.168.1.111', 'AB:CD:EF:GS:32:99');
INSERT INTO ALDER.NAC_UserView (USER_ID, USER_NAME, USER_POSITION, USER_DEPT, USER_EMAIL, USER_CUSTOM03, IP, MAC) VALUES ('185915891', '테스터2', 'B080', '491000', 'tester2@test.com', '1', '192.168.1.112', 'AB:CD:EF:GS:32:77');
INSERT INTO ALDER.NAC_UserView (USER_ID, USER_NAME, USER_POSITION, USER_DEPT, USER_EMAIL, USER_CUSTOM03, IP, MAC) VALUES ('185915892', '테스터3', 'D183', '383000', 'tester3@test.com', '1', '192.168.1.113', 'AB:CD:EF:GS:32:88');
INSERT INTO ALDER.NAC_UserView (USER_ID, USER_NAME, USER_POSITION, USER_DEPT, USER_EMAIL, USER_CUSTOM03, IP, MAC) VALUES ('185915893', '테스터4', 'R112', '491000', 'tester4@test.com', '1', '192.168.1.114', 'AB:CD:EF:GS:32:22');
INSERT INTO ALDER.NAC_UserView (USER_ID, USER_NAME, USER_POSITION, USER_DEPT, USER_EMAIL, USER_CUSTOM03, IP, MAC) VALUES ('185915894', '테스터5', 'R112', '383000', 'tester5@test.com', '1', '192.168.1.115', 'AB:CD:EF:GS:32:33');
INSERT INTO ALDER.NAC_UserView (USER_ID, USER_NAME, USER_POSITION, USER_DEPT, USER_EMAIL, USER_CUSTOM03, IP, MAC) VALUES ('185915895', '테스터6', 'D183', '000942', 'tester6@test.com', '1', '192.168.1.116', 'AB:CD:EF:GS:32:44');
INSERT INTO ALDER.NAC_UserView (USER_ID, USER_NAME, USER_POSITION, USER_DEPT, USER_EMAIL, USER_CUSTOM03, IP, MAC) VALUES ('185915867', '테스터7', 'F080', '383000', 'tester7@test.com', '1', '192.168.1.117', 'AB:CD:EF:GS:32:55');
INSERT INTO ALDER.NAC_UserView (USER_ID, USER_NAME, USER_POSITION, USER_DEPT, USER_EMAIL, USER_CUSTOM03, IP, MAC) VALUES ('185915812', '테스터8', 'D183', '491000', 'tester8@test.com', '1', '192.168.1.118', 'AB:CD:EF:GS:32:74');
INSERT INTO ALDER.NAC_UserView (USER_ID, USER_NAME, USER_POSITION, USER_DEPT, USER_EMAIL, USER_CUSTOM03, IP, MAC) VALUES ('185915834', '테스터9', 'R112', '383000', 'tester9@test.com', '1', '192.168.1.119', 'AB:CD:EF:GS:32:12');
INSERT INTO ALDER.NAC_UserView (USER_ID, USER_NAME, USER_POSITION, USER_DEPT, USER_EMAIL, USER_CUSTOM03, IP, MAC) VALUES ('185915856', '테스터10', 'F080', '000942', 'tester10@test.com', '1', '192.168.1.120', 'AB:CD:EF:GS:32:25');